	norm	r	r-squared	source
0	valence	0.8104758222895688	0.6568710585159527	de-kanske-2010.tsv
1	arousal	0.8191212588067859	0.6709596366292135	de-kanske-2010.tsv
2	concreteness	0.8537117788716311	0.7288238013841648	de-kanske-2010.tsv
0	potency	0.7064728752420112	0.49910392345271426	de-schauenburg-2015.tsv
1	authority	0.7312623186129193	0.5347445786231428	de-schauenburg-2015.tsv
2	community	0.7299387960248005	0.5328106459421353	de-schauenburg-2015.tsv
3	arousal	0.7865830492517346	0.6187128933701568	de-schauenburg-2015.tsv
4	valence	0.8264770203601588	0.6830642651834063	de-schauenburg-2015.tsv
