	norm	r	r-squared	source
0	valence	0.776844901332406	0.6034880007261557	es-stadthagen-gonzalez-2017.tsv
1	arousal	0.7205301917673533	0.519163757248299	es-stadthagen-gonzalez-2017.tsv
0	valence	0.8253018528420557	0.6811231483045301	es-guasch-2016.tsv
1	arousal	0.7638341525658907	0.5834426126260523	es-guasch-2016.tsv
2	concreteness	0.8443955758891583	0.7130038885811832	es-guasch-2016.tsv
3	imageability	0.8344213747099918	0.6962590305729125	es-guasch-2016.tsv
4	context availability	0.6612090821531375	0.4371974503217945	es-guasch-2016.tsv
5	familiarity	0.694729341767332	0.4826488583124705	es-guasch-2016.tsv
