	norm	r	r-squared	source
0	age of acquisition	0.7601526767418862	0.5778320919578547	fa-bakhtiar-2015.tsv
1	familiarity	0.7286001919557198	0.5308582397179117	fa-bakhtiar-2015.tsv
2	imageability	0.7643042379906082	0.5841609682104043	fa-bakhtiar-2015.tsv
