	norm	r	r-squared	source
0	arousal	0.7174149111032558	0.5146841546732925	fr-monnier-2014.tsv
1	valence	0.7496707347328982	0.5620062105149635	fr-monnier-2014.tsv
0	lexical decision rt	0.6035786769923397	0.3643072193198232	fr-ferrand-2010.tsv
0	imageability	0.81109865910742	0.6578810348058546	fr-desrochers-2009.tsv
