	adjusted r	adjusted r-squared	norm	r-squared	source
0	0.7742590129544236	0.5994770191411583	arousal	0.6186249337574606	fi-soderholm-2013.tsv
1	0.8540936399855972	0.7294759458638469	valence	0.7527761603508986	fi-soderholm-2013.tsv
0	0.6095785121176887	0.37158596243561504	familiarity	0.3863022381756394	fi-eilola-2010.tsv
1	0.8239926742218343	0.67896392717125	valence	0.7058535876532797	fi-eilola-2010.tsv
2	0.8382834625620322	0.7027191636049901	emotional charge	0.7305496255299402	fi-eilola-2010.tsv
3	0.841409552907288	0.7079700357236424	offensiveness	0.7360084529800243	fi-eilola-2010.tsv
4	0.8680511544332873	0.7535128067129628	concreteness	0.7833548980679317	fi-eilola-2010.tsv
