	norm	r	r-squared	source
0	arousal	0.773612961514701	0.5984770142235464	fi-soderholm-2013.tsv
1	valence	0.8580759937511473	0.736294411052019	fi-soderholm-2013.tsv
0	familiarity	0.6164958399802781	0.38006712071298865	fi-eilola-2010.tsv
1	valence	0.8180498883993284	0.6692056199101535	fi-eilola-2010.tsv
2	emotional charge	0.8323105308058065	0.6927408196902434	fi-eilola-2010.tsv
3	offensiveness	0.84461494524804	0.7133744057363496	fi-eilola-2010.tsv
4	concreteness	0.8710829142324426	0.758785443467685	fi-eilola-2010.tsv
