	adjusted r	adjusted r-squared	norm	r-squared	source
0	0.7156833679503599	0.5122026831607703	arousal	0.5141976303201112	fr-monnier-2014.tsv
1	0.7499526607684327	0.5624289933936518	valence	0.5646195639618842	fr-monnier-2014.tsv
0	0.6038769799628437	0.3646674069290447	lexical decision rt	0.3821108389948047	fr-ferrand-2010.tsv
0	0.809510759091967	0.6553076690856527	imageability	0.657866037007348	fr-desrochers-2009.tsv
