	adjusted r	adjusted r-squared	norm	r-squared	source
0	0.7593195824190077	0.5765662282449762	age of acquisition	0.5772289480475565	fa-bakhtiar-2015.tsv
1	0.7393156727573194	0.5465876639846078	familiarity	0.5472159256673487	fa-bakhtiar-2015.tsv
2	0.7674913425468791	0.589042960884411	imageability	0.5897200217589907	fa-bakhtiar-2015.tsv
