	norm	r	r-squared	source
0	valence	0.8240944084835714	0.6791315940938875	id-sianipar-2016.tsv
1	arousal	0.6519751850062876	0.42507164186398294	id-sianipar-2016.tsv
2	dominance	0.6274684456962729	0.3937166503444966	id-sianipar-2016.tsv
3	predicability	0.43527024042997814	0.18946018220397098	id-sianipar-2016.tsv
4	concreteness	0.8330094122098602	0.693904680830217	id-sianipar-2016.tsv
