	norm	r	r-squared	source
0	lexical decision rt	0.6262982380045012	0.39224948292754286	ms-yap-2010.tsv
1	lexical decision accuracy	0.4226861259869039	0.1786635611018168	ms-yap-2010.tsv
