	adjusted r	adjusted r-squared	norm	r-squared	source
0	0.7338586847301888	0.5385485691539227	age of acquisition	0.5733179273894543	nl-brysbaert-2014.tsv
1	0.7975915946200592	0.6361523518085689	concreteness	0.6772231303404981	nl-brysbaert-2014.tsv
0	0.7983328232102282	0.6373352966148136	arousal	0.7009645160804496	nl-roest-2018.tsv
1	0.7891250442862229	0.6227183355197332	valence	0.6848882511771861	nl-roest-2018.tsv
2	0.8158412953520331	0.6655970192016832	taboo (general)	0.7320477854394946	nl-roest-2018.tsv
3	0.7615485888152422	0.5799562531264869	taboo (personal)	0.6378569592487712	nl-roest-2018.tsv
4	0.7263961072878672	0.5276513046829666	insulting	0.5803300765089257	nl-roest-2018.tsv
0	0.5960082212843902	0.3552257998385827	prevalence	0.4351618191162124	nl-keuleers-2015.tsv
