	norm	r	r-squared	source
0	age of acquisition	0.7340117350886185	0.5387732272478042	nl-brysbaert-2014.tsv
1	concreteness	0.7986460539160081	0.6378355194356112	nl-brysbaert-2014.tsv
0	arousal	0.794475903141439	0.6311919606724052	nl-roest-2018.tsv
1	valence	0.790219068370997	0.6244461760171264	nl-roest-2018.tsv
2	taboo (general)	0.8171756423214613	0.667776030403493	nl-roest-2018.tsv
3	taboo (personal)	0.763416029009128	0.5828040333480657	nl-roest-2018.tsv
4	insulting	0.7300552028868734	0.5329805992621939	nl-roest-2018.tsv
0	prevalence	0.5962344895848611	0.35549556657051995	nl-keuleers-2015.tsv
