	norm	r	r-squared	source
0	valence	0.8579110996489723	0.7360114549009089	pt-soares-2012.tsv
1	arousal	0.6568115426082238	0.4314014025033946	pt-soares-2012.tsv
2	dominance	0.5928417966672037	0.35146139587559805	pt-soares-2012.tsv
0	age of acquisition	0.8008456837237117	0.6413538091388993	pt-cameirao-2010.tsv
