	adjusted r	adjusted r-squared	norm	r-squared	source
0	0.7801735792876943	0.6086708138185721	valence	0.6594942217318525	pl-imbir-2016.tsv
1	0.7331274018163849	0.5374757872940431	arousal	0.5823544812629294	pl-imbir-2016.tsv
2	0.717525478637059	0.5148428124933405	dominance	0.5578316755643551	pl-imbir-2016.tsv
3	0.8694860841451849	0.7560060505221275	concreteness	0.8191318042436571	pl-imbir-2016.tsv
4	0.7971043706727162	0.635375377745547	imageability	0.6884285902014375	pl-imbir-2016.tsv
5	0.7494576332696188	0.5616867440660984	age of acquisition	0.6085870288588939	pl-imbir-2016.tsv
