	norm	r	r-squared	source
0	valence	0.7804539711364952	0.6091084010627252	pl-imbir-2016.tsv
1	arousal	0.7327991240483048	0.5369945562059628	pl-imbir-2016.tsv
2	dominance	0.7157923196062466	0.512358644807291	pl-imbir-2016.tsv
3	concreteness	0.8691841041449083	0.7554810068981869	pl-imbir-2016.tsv
4	imageability	0.7988347233285602	0.6381369151954173	pl-imbir-2016.tsv
5	age of acquisition	0.7532876034388057	0.5674422134945795	pl-imbir-2016.tsv
