	adjusted r	adjusted r-squared	norm	r-squared	source
0	0.6897909786066105	0.4758115941670655	arousal	0.4800017158378126	fr-monnier-2014.tsv
1	0.7113315169305333	0.5059925269786937	valence	0.5104484298581538	fr-monnier-2014.tsv
0	0.5079495342367889	0.2580127293313708	lexical decision rt	0.27539796683608797	fr-ferrand-2010.tsv
0	0.7688215159076962	0.591086523322608	imageability	0.5992428848103039	fr-desrochers-2009.tsv
