	norm	r	r-squared	source
0	valence	0.735296276100573	0.5406606136473702	es-stadthagen-gonzalez-2017.tsv
1	arousal	0.6884847454646154	0.4740112447374762	es-stadthagen-gonzalez-2017.tsv
0	valence	0.7908062460155826	0.6253745187372581	es-guasch-2016.tsv
1	arousal	0.7423253767656184	0.5510469649902172	es-guasch-2016.tsv
2	concreteness	0.8279504582218624	0.6855019612697919	es-guasch-2016.tsv
3	imageability	0.8304009849435516	0.6895657957952207	es-guasch-2016.tsv
4	context availability	0.573463426121346	0.3288603010988325	es-guasch-2016.tsv
5	familiarity	0.5540533840580373	0.30697515238616296	es-guasch-2016.tsv
