	adjusted r	adjusted r-squared	norm	r-squared	source
0	0.7347296089890898	0.5398275983252607	valence	0.5589079864301751	es-stadthagen-gonzalez-2017.tsv
1	0.6867406937645407	0.4716127804722027	arousal	0.48828209288706287	es-stadthagen-gonzalez-2017.tsv
0	0.7972685956751934	0.635637213649895	valence	0.635637213649895	es-guasch-2016.tsv
1	0.7421357601181211	0.5507654864461013	arousal	0.5507654864461013	es-guasch-2016.tsv
2	0.8316349587150139	0.6916167045569229	concreteness	0.6916167045569229	es-guasch-2016.tsv
3	0.8322674954101236	0.69266918391624	imageability	0.69266918391624	es-guasch-2016.tsv
4	0.5827573950685381	0.33960618150706817	context availability	0.33960618150706817	es-guasch-2016.tsv
5	0.5438635638669698	0.2957875761020815	familiarity	0.2957875761020815	es-guasch-2016.tsv
