	norm	r	r-squared	source
0	valence	0.7569536027701994	0.5729787567467849	id-sianipar-2016.tsv
1	arousal	0.5890169537337044	0.34694097178573285	id-sianipar-2016.tsv
2	dominance	0.560774326892487	0.31446784570172187	id-sianipar-2016.tsv
3	predicability	0.34186740982741365	0.11687332590210481	id-sianipar-2016.tsv
4	concreteness	0.8002767679467996	0.6404429053153757	id-sianipar-2016.tsv
