	adjusted r	adjusted r-squared	norm	r-squared	source
0	0.6387488097495388	0.40800004195645256	age of acquisition	0.4604518543166068	nl-brysbaert-2014.tsv
1	0.7735406843376974	0.5983651903256333	concreteness	0.675290032135228	nl-brysbaert-2014.tsv
0	0.8209863537243512	0.6740185930016056	arousal	0.7155458048926998	nl-roest-2018.tsv
1	0.8069635951644542	0.651190243920741	valence	0.691310969849507	nl-roest-2018.tsv
2	0.8286016396108947	0.686580677165863	taboo (general)	0.7288818563277408	nl-roest-2018.tsv
3	0.7982746798110545	0.6372424644274416	taboo (personal)	0.6765038484916915	nl-roest-2018.tsv
4	0.8447323986302334	0.7135728252955876	insulting	0.7575370278019509	nl-roest-2018.tsv
0	0.40542003278225675	0.16436540298116611	prevalence	0.23466762141970146	nl-keuleers-2015.tsv
