	norm	r	r-squared	source
0	arousal	0.6923105371645214	0.4792938798690281	fr-monnier-2014.tsv
1	valence	0.7160724395509259	0.5127597386844144	fr-monnier-2014.tsv
0	lexical decision rt	0.5080678477286833	0.25813293789565656	fr-ferrand-2010.tsv
0	imageability	0.7668501790724762	0.5880591971434888	fr-desrochers-2009.tsv
