	norm	r	r-squared	source
0	valence	0.7637381249948577	0.583295923570661	pl-imbir-2016.tsv
1	arousal	0.7153379824215371	0.5117084290949154	pl-imbir-2016.tsv
2	dominance	0.7123688216123023	0.5074693380053003	pl-imbir-2016.tsv
3	concreteness	0.8681241593206619	0.7536395559962059	pl-imbir-2016.tsv
4	imageability	0.7877499327739319	0.6205499565853343	pl-imbir-2016.tsv
5	age of acquisition	0.6757927210157278	0.45669580177784136	pl-imbir-2016.tsv
