	norm	r	r-squared	source
0	lexical decision rt	0.630790823397246	0.39789706288217563	ms-yap-2010.tsv
1	lexical decision accuracy	0.17449707267025996	0.030449228370489988	ms-yap-2010.tsv
