	adjusted r	adjusted r-squared	norm	r-squared	source
0	0.762957537597992	0.5821042041775913	valence	0.6304308062466517	pl-imbir-2016.tsv
1	0.7171012407456875	0.5142341894790045	arousal	0.556926186662512	pl-imbir-2016.tsv
2	0.7104045122837589	0.5046745710731253	dominance	0.5465729236285448	pl-imbir-2016.tsv
3	0.8680709864691484	0.7535472375495204	concreteness	0.8161071318570099	pl-imbir-2016.tsv
4	0.787555218423389	0.620243222065912	imageability	0.6717361457790458	pl-imbir-2016.tsv
5	0.6744671234592464	0.45490590062739034	age of acquisition	0.4926724315692978	pl-imbir-2016.tsv
