	adjusted r	adjusted r-squared	norm	r-squared	source
0	0.7735006705476077	0.5983032873375989	valence	0.6662620126253884	de-kanske-2010.tsv
1	0.7740803190036909	0.5992003402688558	arousal	0.6672609579831357	de-kanske-2010.tsv
2	0.8509120416900225	0.7240513026930827	concreteness	0.8062932101259273	de-kanske-2010.tsv
0	0.6260506751222373	0.3919394478210091	potency	0.4151654891733652	de-schauenburg-2015.tsv
1	0.6606195156446398	0.4364181444505586	authority	0.4622799604179991	de-schauenburg-2015.tsv
2	0.6842012671297047	0.4681313739418936	community	0.4958724923977095	de-schauenburg-2015.tsv
3	0.741766237701039	0.5502171513931543	arousal	0.5828226122164524	de-schauenburg-2015.tsv
4	0.7672542461466916	0.588679078230128	valence	0.623563764347469	de-schauenburg-2015.tsv
