	norm	r	r-squared	source
0	age of acquisition	0.5590112308865631	0.3124935562573104	fa-bakhtiar-2015.tsv
1	familiarity	0.47575818800273456	0.22634585345164535	fa-bakhtiar-2015.tsv
2	imageability	0.6094088419843452	0.3713791366887006	fa-bakhtiar-2015.tsv
