	norm	r	r-squared	source
0	arousal	0.7438005189685062	0.5532392120178191	fi-soderholm-2013.tsv
1	valence	0.8118251329618426	0.6590600465085134	fi-soderholm-2013.tsv
0	familiarity	0.5929546493829199	0.3515952162248214	fi-eilola-2010.tsv
1	valence	0.7913663638333701	0.6262607218068499	fi-eilola-2010.tsv
2	emotional charge	0.8227763683549686	0.6769609523233909	fi-eilola-2010.tsv
3	offensiveness	0.8822225657803842	0.7783166555721243	fi-eilola-2010.tsv
4	concreteness	0.8402499108396532	0.706019912666045	fi-eilola-2010.tsv
