	norm	r	r-squared	source
0	valence	0.8361441729005586	0.6991370778755592	pt-soares-2012.tsv
1	arousal	0.626744634935593	0.3928088374205497	pt-soares-2012.tsv
2	dominance	0.5604256839049712	0.31407694718035467	pt-soares-2012.tsv
0	age of acquisition	0.7683975566563458	0.5904348050754421	pt-cameirao-2010.tsv
