	norm	r	r-squared	source
0	valence	0.7713294926361911	0.594949186210404	pl-imbir-2016.tsv
1	arousal	0.7278025994193804	0.5296966237216071	pl-imbir-2016.tsv
2	dominance	0.7151821137982458	0.511485455896927	pl-imbir-2016.tsv
3	concreteness	0.8720057019396251	0.7603939442152183	pl-imbir-2016.tsv
4	imageability	0.7954249398609559	0.6327008349528053	pl-imbir-2016.tsv
5	age of acquisition	0.6971398628694417	0.48600398840162407	pl-imbir-2016.tsv
