	adjusted r	adjusted r-squared	norm	r-squared	source
0	0.8085447492477155	0.6537446115360511	valence	0.6719402866086251	pt-soares-2012.tsv
1	0.6096294097094997	0.3716480171827531	arousal	0.3819920971838635	pt-soares-2012.tsv
2	0.5366320326427719	0.28797393845831304	dominance	0.2959891176599361	pt-soares-2012.tsv
0	0.7427150538861297	0.5516256512690765	age of acquisition	0.5583294352254715	pt-cameirao-2010.tsv
