	norm	r	r-squared	source
0	valence	0.8394574662227939	0.7046888375971933	pt-soares-2012.tsv
1	arousal	0.6366395192090379	0.40530987741871505	pt-soares-2012.tsv
2	dominance	0.5794123726804096	0.3357186976151418	pt-soares-2012.tsv
0	age of acquisition	0.7726232281079829	0.5969466526120002	pt-cameirao-2010.tsv
