	norm	r	r-squared	source
0	valence	0.7569500338283798	0.5729733537127853	id-sianipar-2016.tsv
1	arousal	0.5717607683506044	0.32691037622487346	id-sianipar-2016.tsv
2	dominance	0.5344048963324318	0.2855885932240772	id-sianipar-2016.tsv
3	predicability	0.3666175141372338	0.13440840167216483	id-sianipar-2016.tsv
4	concreteness	0.812565954092709	0.6602634297505945	id-sianipar-2016.tsv
