	norm	r	r-squared	source
0	lexical decision rt	0.6053213525253249	0.3664139398230887	ms-yap-2010.tsv
1	lexical decision accuracy	0.30534086038620617	0.09323304102138864	ms-yap-2010.tsv
