	norm	r	r-squared	source
0	valence	0.7363918958950472	0.542273024339902	es-stadthagen-gonzalez-2017.tsv
1	arousal	0.6735658394050955	0.45369094001349086	es-stadthagen-gonzalez-2017.tsv
0	valence	0.7982862797301744	0.6372609844054422	es-guasch-2016.tsv
1	arousal	0.7364757142662791	0.542396477704026	es-guasch-2016.tsv
2	concreteness	0.8029816452422854	0.6447795225960075	es-guasch-2016.tsv
3	imageability	0.8084126874437774	0.6535310732200705	es-guasch-2016.tsv
4	context availability	0.574685484340976	0.33026340591222214	es-guasch-2016.tsv
5	familiarity	0.5579128904190839	0.31126679329577667	es-guasch-2016.tsv
