	norm	r	r-squared	source
0	arousal	0.7412811858511915	0.5494977964969487	fi-soderholm-2013.tsv
1	valence	0.8263610521181043	0.6828725884577403	fi-soderholm-2013.tsv
0	familiarity	0.5968319757182334	0.35620840723972996	fi-eilola-2010.tsv
1	valence	0.8148644598766639	0.6640040879700873	fi-eilola-2010.tsv
2	emotional charge	0.8319794918813008	0.6921898749110675	fi-eilola-2010.tsv
3	offensiveness	0.8834444191452777	0.7804740417189371	fi-eilola-2010.tsv
4	concreteness	0.8745640922950726	0.7648623515319043	fi-eilola-2010.tsv
