	norm	r	r-squared	source
0	arousal	0.6897487728615411	0.4757533696640019	fi-soderholm-2013.tsv
1	valence	0.7573573405530266	0.5735901412895532	fi-soderholm-2013.tsv
0	familiarity	0.4844564182898795	0.2346980212222587	fi-eilola-2010.tsv
1	valence	0.6671250798125046	0.4450558721148406	fi-eilola-2010.tsv
2	emotional charge	0.7791422658484747	0.6070626704314952	fi-eilola-2010.tsv
3	offensiveness	0.5318796385547575	0.28289594990913947	fi-eilola-2010.tsv
4	concreteness	0.8119085637293333	0.6591955158570288	fi-eilola-2010.tsv
