	adjusted r	adjusted r-squared	norm	r-squared	source
0	0.6993212451052534	0.4890502038555619	age of acquisition	0.4907404695370904	fa-bakhtiar-2015.tsv
1	0.6338388870094953	0.40175173468543574	familiarity	0.4031402775472518	fa-bakhtiar-2015.tsv
2	0.735780382158972	0.5413727707700029	imageability	0.543243874816443	fa-bakhtiar-2015.tsv
