	norm	r	r-squared	source
0	valence	0.7645339115353382	0.5845121018875244	es-stadthagen-gonzalez-2017.tsv
1	arousal	0.7056886863340611	0.4979965220198929	es-stadthagen-gonzalez-2017.tsv
0	valence	0.8114326587820936	0.6584229597381774	es-guasch-2016.tsv
1	arousal	0.759198464823292	0.5763823089900433	es-guasch-2016.tsv
2	concreteness	0.8298120891918234	0.6885881033688986	es-guasch-2016.tsv
3	imageability	0.8309023565599007	0.6903987261367964	es-guasch-2016.tsv
4	context availability	0.6215088266898114	0.38627322165334604	es-guasch-2016.tsv
5	familiarity	0.6003473731829295	0.3604169684876436	es-guasch-2016.tsv
