	norm	r	r-squared	source
0	age of acquisition	0.6662843352795066	0.44393481543885394	fa-bakhtiar-2015.tsv
1	familiarity	0.6392603752449032	0.4086538273582544	fa-bakhtiar-2015.tsv
2	imageability	0.7246709206865594	0.5251479432887056	fa-bakhtiar-2015.tsv
