	norm	r	r-squared	source
0	lexical decision rt	0.6020433750548548	0.36245622544744055	ms-yap-2010.tsv
1	lexical decision accuracy	0.302664284214152	0.09160566893886497	ms-yap-2010.tsv
