	adjusted r	adjusted r-squared	norm	r-squared	source
0	0.640200187271211	0.4098562797820936	age of acquisition	0.4738459883439996	nl-brysbaert-2014.tsv
1	0.7542085945010775	0.5688306040192906	concreteness	0.6576405268333063	nl-brysbaert-2014.tsv
0	0.708698234578947	0.5022531876953162	arousal	0.5740036430803614	nl-roest-2018.tsv
1	0.7222217146659758	0.5216042051350622	valence	0.5961190915829283	nl-roest-2018.tsv
2	0.7194235850107418	0.5175702946697079	taboo (general)	0.591508908193952	nl-roest-2018.tsv
3	0.6832469446042752	0.4668263873110775	taboo (personal)	0.53351587121266	nl-roest-2018.tsv
4	0.6234383624650003	0.38867539179304106	insulting	0.4442004477634755	nl-roest-2018.tsv
0	0.4653216303319589	0.21652421965479218	prevalence	0.3008025342053365	nl-keuleers-2015.tsv
