	norm	r	r-squared	source
0	valence	0.8014163309434865	0.6422681355029198	id-sianipar-2016.tsv
1	arousal	0.607705410330849	0.36930586574538554	id-sianipar-2016.tsv
2	dominance	0.5694501873365293	0.3242735158576083	id-sianipar-2016.tsv
3	predicability	0.39837119506913704	0.15869960906081243	id-sianipar-2016.tsv
4	concreteness	0.8257569756134393	0.6818745827742542	id-sianipar-2016.tsv
