	adjusted r	adjusted r-squared	norm	r-squared	source
0	0.7708075744262669	0.5941443167929049	valence	0.6480493381963973	pl-imbir-2016.tsv
1	0.7253112100609704	0.5260763514401092	arousal	0.5738057602432146	pl-imbir-2016.tsv
2	0.7143809356124478	0.5103401211665162	dominance	0.5566418266225843	pl-imbir-2016.tsv
3	0.8727397605544639	0.761674689652663	concreteness	0.8307792645644457	pl-imbir-2016.tsv
4	0.7957005351374079	0.6331393416179574	imageability	0.6905822705439362	pl-imbir-2016.tsv
5	0.6989616671076878	0.4885474120859582	age of acquisition	0.5328719271251112	pl-imbir-2016.tsv
