	norm	r	r-squared	source
0	valence	0.8013228899481801	0.6421183739549031	de-kanske-2010.tsv
1	arousal	0.7974233970789413	0.6358840742089188	de-kanske-2010.tsv
2	concreteness	0.8617394619244045	0.7425949002377622	de-kanske-2010.tsv
0	potency	0.6754600640650782	0.4562462981467995	de-schauenburg-2015.tsv
1	authority	0.7317447976763534	0.5354504489264073	de-schauenburg-2015.tsv
2	community	0.6993773391103866	0.4891286624611247	de-schauenburg-2015.tsv
3	arousal	0.7740441791627158	0.5991443912956825	de-schauenburg-2015.tsv
4	valence	0.8091538805948604	0.6547300024817216	de-schauenburg-2015.tsv
