	norm	r	r-squared	source
0	arousal	0.6618785297006059	0.43808318807863583	fr-monnier-2014.tsv
1	valence	0.7022973412418572	0.49322155551538155	fr-monnier-2014.tsv
0	lexical decision rt	0.48312308916406943	0.23340791928343338	fr-ferrand-2010.tsv
0	imageability	0.7545800194331058	0.5693910057276663	fr-desrochers-2009.tsv
