	norm	r	r-squared	source
0	age of acquisition	0.7044213227091116	0.4962093998872543	fa-bakhtiar-2015.tsv
1	familiarity	0.6308765771443563	0.39800525558937894	fa-bakhtiar-2015.tsv
2	imageability	0.7243720575407361	0.5247148777457994	fa-bakhtiar-2015.tsv
