	norm	r	r-squared	source
0	arousal	0.6894139480367842	0.47529159174766583	fr-monnier-2014.tsv
1	valence	0.7159093446181884	0.5125261897116441	fr-monnier-2014.tsv
0	lexical decision rt	0.5158776612053375	0.26612976133068894	fr-ferrand-2010.tsv
0	imageability	0.7871815043938073	0.6196547208596976	fr-desrochers-2009.tsv
