	adjusted r	adjusted r-squared	norm	r-squared	source
0	0.7657424334094828	0.5863614743238762	valence	0.6028605441663594	es-stadthagen-gonzalez-2017.tsv
1	0.7046736845485263	0.496565001695196	arousal	0.5105373736927746	es-stadthagen-gonzalez-2017.tsv
0	0.8087129615824514	0.6540166542314596	valence	0.6544841429049632	es-guasch-2016.tsv
1	0.7555259806360259	0.5708195074160287	arousal	0.5712275270782274	es-guasch-2016.tsv
2	0.8287214806500949	0.6867792924908855	concreteness	0.6872701997764401	es-guasch-2016.tsv
3	0.830067718509735	0.6890124173119567	imageability	0.689504920826833	es-guasch-2016.tsv
4	0.6231698810544752	0.38834070065344883	context availability	0.38861828514283653	es-guasch-2016.tsv
5	0.6108077329306463	0.37308608660787573	familiarity	0.3733527671558442	es-guasch-2016.tsv
