	norm	r	r-squared	source
0	age of acquisition	0.6937390466019056	0.48127386478012085	nl-brysbaert-2014.tsv
1	concreteness	0.8021880923803202	0.643505735556777	nl-brysbaert-2014.tsv
0	arousal	0.810574312213775	0.6570307156208343	nl-roest-2018.tsv
1	valence	0.8289496277883629	0.6871574854104654	nl-roest-2018.tsv
2	taboo (general)	0.8401301418748408	0.7058186552866401	nl-roest-2018.tsv
3	taboo (personal)	0.8067393627536784	0.6508283994162111	nl-roest-2018.tsv
4	insulting	0.8271378802184993	0.6841570728923526	nl-roest-2018.tsv
0	prevalence	0.5181837382869837	0.26851438662507326	nl-keuleers-2015.tsv
