	norm	r	r-squared	source
0	valence	0.8075634904113105	0.6521587910452987	pt-soares-2012.tsv
1	arousal	0.6026055079569872	0.3631333982200986	pt-soares-2012.tsv
2	dominance	0.5475721044559477	0.2998352095783154	pt-soares-2012.tsv
0	age of acquisition	0.7440469932044712	0.5536059280966145	pt-cameirao-2010.tsv
