	adjusted r	adjusted r-squared	norm	r-squared	source
0	0.7769002173465859	0.6035739477131724	valence	0.6743842991208631	de-kanske-2010.tsv
1	0.7922536352011249	0.6276658224893971	arousal	0.7013025949602202	de-kanske-2010.tsv
2	0.8493418591068195	0.7213815936310284	concreteness	0.8060129537776853	de-kanske-2010.tsv
0	0.6766624527895484	0.45787207501516775	potency	0.4785069919159731	de-schauenburg-2015.tsv
1	0.7222591109972294	0.5216582234185082	authority	0.5451677901255543	de-schauenburg-2015.tsv
2	0.693068599218077	0.48034408322210737	community	0.5019917459251744	de-schauenburg-2015.tsv
3	0.7606386777555142	0.5785711980976569	arousal	0.6046456613493174	de-schauenburg-2015.tsv
4	0.8044048182446955	0.6470671116152815	valence	0.6762284796174318	de-schauenburg-2015.tsv
