	norm	r	r-squared	source
0	valence	0.6845864581617229	0.4686586186984124	pl-imbir-2016.tsv
1	arousal	0.6534507502356406	0.4269978829835216	pl-imbir-2016.tsv
2	dominance	0.6227476282051694	0.3878146084351639	pl-imbir-2016.tsv
3	concreteness	0.817724471879155	0.6686733119100429	pl-imbir-2016.tsv
4	imageability	0.7307443211330225	0.5339872628681619	pl-imbir-2016.tsv
5	age of acquisition	0.6156542948204755	0.379030210730897	pl-imbir-2016.tsv
