	adjusted r	adjusted r-squared	norm	r-squared	source
0	0.8416409145723125	0.7083594290821186	valence	0.7216193592816853	pt-soares-2012.tsv
1	0.6370547577242213	0.40583876433906624	arousal	0.41343574613457584	pt-soares-2012.tsv
2	0.5735148805883348	0.3289193182562519	dominance	0.3350764286472557	pt-soares-2012.tsv
0	0.7744660932618108	0.5997977296122118	age of acquisition	0.6025538363536809	pt-cameirao-2010.tsv
