	adjusted r	adjusted r-squared	norm	r-squared	source
0	0.8016473250322611	0.6426384337313796	valence	0.6800648197867583	id-sianipar-2016.tsv
1	0.6161053569299546	0.37958581083778675	arousal	0.4016923708439647	id-sianipar-2016.tsv
2	0.5765710053219105	0.3324341241779185	dominance	0.3517946342507802	id-sianipar-2016.tsv
3	0.3844296168173448	0.14778613028633053	predicability	0.15639299298766512	id-sianipar-2016.tsv
4	0.8225091116565201	0.6765212387579977	concreteness	0.7159209131743016	id-sianipar-2016.tsv
