	score	adjusted score	source
0	0.7815659839253306	0.6797835156161912	de-semantic-google.tsv
0	0.10772833723653395	0.07473598700243704	de-analogies-semrel.tsv
0	0.7368569018836097	0.5413611484044202	de-syntactic-google.tsv
