	score	adjusted score	source
0	0.5371549893842887	0.24397299903567982	fi-analogies-venekoski.tsv
