	score	adjusted score	source
0	0.6824583866837388	0.5631868131868132	fr-syntactic-google.tsv
0	0.7884034723532742	0.7519348452123831	fr-semantic-google.tsv
