	score	adjusted score	source
0	0.38405946727235185	0.2221691352126135	hi-semantic-google.tsv
0	0.2522170608108108	0.2349065880039331	hi-syntactic-google.tsv
