	score	adjusted score	source
0	0.7440021444846535	0.6226584408300617	it-semantic-google.tsv
0	0.7128795066413662	0.5526848105921295	it-syntactic-google.tsv
