	score	adjusted score	source
0	0.7841614906832298	0.4927363399826539	pl-syntactic-google.tsv
0	0.679314694134959	0.4211520917502933	pl-semantic-google.tsv
