	score	adjusted score	source
0	0.7208933717579251	0.5775802355114292	pt-syntactic-google.tsv
0	0.6630836412495801	0.44736543909348436	pt-semantic-google.tsv
