	score	adjusted score	source
0	0.06388282954191336	0.0545502927088877	en-analogies-semrel.tsv
0	0.29455445544554454	0.1985981308411215	en-semantic-google.tsv
0	0.00397322157513743	0.0036499999999999996	en-analogies-bless.tsv
0	0.8032389449185415	0.7846722243273968	en-syntactic-google.tsv
0	0.7957860615883307	0.7856	en-semantic_no_countries-google.tsv
