	score	adjusted score	source
0	0.0851063829787234	0.050513022888713496	de-semantic-google.tsv
0	0.05139664804469274	0.03736799350121852	de-analogies-semrel.tsv
0	0.637616718541574	0.4442837963441082	de-syntactic-google.tsv
