	score	adjusted score	source
0	0.5845276396607195	0.46144077580235515	pt-syntactic-google.tsv
0	0.13905887317999577	0.07467422096317279	pt-semantic-google.tsv
