	score	adjusted score	source
0	0.38461538461538464	0.35200000000000004	el-semantic_nocountries-google.tsv
0	0.530882049163396	0.2724189103243587	el-syntactic-google.tsv
