	score	adjusted score	source
0	0.5965665236051502	0.4448	he-semantic_no_countries-google.tsv
0	0.3682990885215511	0.22584312239484655	he-syntactic-google.tsv
