	score	adjusted score	source
0	0.5592417061611374	0.3776	he-semantic_no_countries-google.tsv
0	0.45540825549864417	0.28637741568776054	he-syntactic-google.tsv
