	score	adjusted score	source
0	0.6387309188865609	0.45097210481825867	fr-syntactic-google.tsv
0	0.7777229815414964	0.49671526277897776	fr-semantic-google.tsv
