	score	adjusted score	source
0	0.2736842105263158	0.16640000000000002	he-semantic_no_countries-google.tsv
0	0.37623133142675563	0.22432739674118984	he-syntactic-google.tsv
