	score	adjusted score	source
0	0.610560206052801	0.53455857481114	de-semantic-google.tsv
0	0.06123822341857335	0.036961819658813976	de-analogies-semrel.tsv
0	0.6960711638250556	0.4848703914076216	de-syntactic-google.tsv
