	score	adjusted score	source
0	0.43661971830985913	0.3968	el-semantic_nocountries-google.tsv
0	0.556018325697626	0.28301886792452835	el-syntactic-google.tsv
