	score	adjusted score	source
0	0.6392950014446692	0.5309050772626932	cs-analogies-svoboda.tsv
