	score	adjusted score	source
0	0.3790849673202614	0.16779170684667308	fi-analogies-venekoski.tsv
