	rank r	adjusted rank r	source
0	0.8083106731071004	0.7958751242900681	fr-rg65.tsv
