	score	adjusted score	source
0	0.33814316299481956	0.33814316299481956	fi-finnsim300.tsv
