	rank r	adjusted rank r	source
0	0.44109757025526186	0.43094217073987545	pt-simlex999.tsv
0	0.6250871829938491	0.5399597741003899	pt-rarewords2034.tsv
0	0.576661263026586	0.5651935674550346	pt-wordsim353.tsv
