	rank r	adjusted rank r	source
0	0.5907139932603896	0.5907139932603896	ro-wordsim353-all.tsv
0	0.8412151353305889	0.8412151353305889	ro-mc30.tsv
