	rank r	adjusted rank r	source
0	0.31650191465504596	0.31439190189067895	fi-finnsim300.tsv
