	rank r	adjusted rank r	source
0	0.4851440436490524	0.4671757457361245	pt-simlex999.tsv
0	0.6059009809758317	0.45129792830795723	pt-rarewords2034.tsv
0	0.6370207223696088	0.6189235427568358	pt-wordsim353.tsv
