	score	adjusted score	source
0	0.8116534846027147	0.7866795312303234	fr-rg65.tsv
