	rank r	adjusted rank r	source
0	0.6212923652079578	0.614232224694231	ro-wordsim353-all.tsv
0	0.8079398354146793	0.7540771797203674	ro-mc30.tsv
