	rank r	adjusted rank r	source
0	0.5569133164330294	0.5474204758120119	ar-wordsim353-all.tsv
0	0.6628088301269007	0.6628088301269007	ar-mc30.tsv
