	rank r	adjusted rank r	source
0	0.5964337785257721	0.5896561219516155	es-wordsim353-all.tsv
0	0.7964838543249148	0.7964838543249148	es-mc30.tsv
