	rank r	adjusted rank r	source
0	0.7427172798381856	0.7427172798381856	nl-rg65-no.tsv
0	0.7582770604315118	0.7582770604315118	nl-rg65-sim.tsv
0	0.7553132723047669	0.7553132723047669	nl-mc30-sim.tsv
0	0.7406502096993207	0.7406502096993207	nl-mc30-rel.tsv
0	0.734898213469534	0.734898213469534	nl-mc30-no.tsv
0	0.7351581718889251	0.7351581718889251	nl-rg65-rel.tsv
