	score	adjusted score	source
0	0.7211779193567069	0.6813138132616126	ru-hj398.tsv
