	score	adjusted score	source
0	0.3082210306612307	0.3082210306612307	fi-finnsim300.tsv
