	rank r	adjusted rank r	source
0	0.5886383281383527	0.5836215242053554	ar-wordsim353-all.tsv
0	0.7249054263678025	0.7249054263678025	ar-mc30.tsv
