	rank r	adjusted rank r	source
0	0.8092178589751126	0.8092178589751126	nl-rg65-no.tsv
0	0.8303940210466478	0.8303940210466478	nl-rg65-sim.tsv
0	0.8919550958743386	0.8919550958743386	nl-mc30-sim.tsv
0	0.8597508595908556	0.8597508595908556	nl-mc30-rel.tsv
0	0.8686172041734971	0.8686172041734971	nl-mc30-no.tsv
0	0.8009178835097751	0.8009178835097751	nl-rg65-rel.tsv
