	rank r	adjusted rank r	source
0	0.2960098327672066	0.29502313332464924	fi-finnsim300.tsv
