	score	adjusted score	source
0	0.7548121966761304	0.7315872060091726	fr-rg65.tsv
