	rank r	adjusted rank r	source
0	0.4872154711364925	0.48444720141412606	ar-wordsim353-all.tsv
0	0.5802359369176731	0.5802359369176731	ar-mc30.tsv
