	rank r	adjusted rank r	source
0	0.8248298458022721	0.8248298458022721	de-gur65.tsv
0	0.7374468887115722	0.7295456720468053	de-schm280.tsv
0	0.6999722529776771	0.6519741556306363	de-gur350.tsv
0	0.5534131017824425	0.5534131017824425	de-yp130.tsv
0	0.41213443762193847	0.3545841332693254	de-zg222.tsv
