	rank r	adjusted rank r	source
0	0.5912967257505654	0.5912967257505654	es-wordsim353-all.tsv
0	0.8305330383740099	0.8305330383740099	es-mc30.tsv
