	rank r	adjusted rank r	source
0	0.7235953584629601	0.7235953584629601	nl-rg65-no.tsv
0	0.7648987086334471	0.7648987086334471	nl-rg65-sim.tsv
0	0.7800156215168557	0.7800156215168557	nl-mc30-sim.tsv
0	0.7609084510827406	0.7609084510827406	nl-mc30-rel.tsv
0	0.7887418004085673	0.7887418004085673	nl-mc30-no.tsv
0	0.7596568879829673	0.7596568879829673	nl-rg65-rel.tsv
