	rank r	adjusted rank r	source
0	0.6970352961972932	0.677770501578775	ru-hj398.tsv
