	rank r	adjusted rank r	source
0	0.7550372239222793	0.7550372239222793	de-gur65.tsv
0	0.7348994564317871	0.7191516109368202	de-schm280.tsv
0	0.7706998294644621	0.609953865033303	de-gur350.tsv
0	0.47712651308163395	0.47345630913485215	de-yp130.tsv
0	0.42392143802214827	0.2654282877706244	de-zg222.tsv
