	rank r	adjusted rank r	source
0	0.6866086327603957	0.6469302444350462	ru-hj398.tsv
