	rank r	adjusted rank r	source
0	0.7914945695633321	0.7914945695633321	nl-rg65-no.tsv
0	0.806726545790226	0.806726545790226	nl-rg65-sim.tsv
0	0.8721487077673488	0.8721487077673488	nl-mc30-sim.tsv
0	0.8403830903561574	0.8403830903561574	nl-mc30-rel.tsv
0	0.8421403990257905	0.8421403990257905	nl-mc30-no.tsv
0	0.7738403551953075	0.7738403551953075	nl-rg65-rel.tsv
