	rank r	adjusted rank r	source
0	0.6194457901498105	0.6159262117966865	es-wordsim353-all.tsv
0	0.837876980031658	0.837876980031658	es-mc30.tsv
