	rank r	adjusted rank r	source
0	0.801091389710805	0.7764424238735494	fr-rg65.tsv
