	rank r	adjusted rank r	source
0	0.42478104668593014	0.40989882783306975	pt-simlex999.tsv
0	0.5777707969651519	0.46556850355254864	pt-rarewords2034.tsv
0	0.6323043408743422	0.6143411493722302	pt-wordsim353.tsv
