	rank r	adjusted rank r	source
0	0.8129134990213837	0.8129134990213837	de-gur65.tsv
0	0.7926539247687672	0.7784993903978963	de-schm280.tsv
0	0.7370925515647164	0.6402175305019251	de-gur350.tsv
0	0.41941326705204196	0.40328198755004036	de-yp130.tsv
0	0.46059373892651334	0.3776038760568713	de-zg222.tsv
