	rank r	adjusted rank r	source
0	0.6091802432585228	0.6057189918763721	es-wordsim353-all.tsv
0	0.8372093489718718	0.8372093489718718	es-mc30.tsv
