	rank r	adjusted rank r	source
0	0.45262133717014225	0.4367637327647819	pt-simlex999.tsv
0	0.6066884103706399	0.5010995719875492	pt-rarewords2034.tsv
0	0.6525064974410499	0.6339693810364746	pt-wordsim353.tsv
