	rank r	adjusted rank r	source
0	0.7029472335707437	0.6605584556669802	ru-hj398.tsv
