	rank r	adjusted rank r	source
0	0.581789253097941	0.5404689936449623	ro-wordsim353-all.tsv
0	0.7853566699951451	0.7853566699951451	ro-mc30.tsv
