	rank r	adjusted rank r	source
0	0.8264697100381743	0.8264697100381743	de-gur65.tsv
0	0.7925168546610164	0.778364767970641	de-schm280.tsv
0	0.7489562257466493	0.654801728795642	de-gur350.tsv
0	0.3893983528097116	0.3864029808650215	de-yp130.tsv
0	0.45981767109657884	0.37489638949766113	de-zg222.tsv
