	rank r	adjusted rank r	source
0	0.6259228606151165	0.6241446706701872	ro-wordsim353-all.tsv
0	0.8127295434463785	0.8127295434463785	ro-mc30.tsv
