	rank r	adjusted rank r	source
0	0.566424812126863	0.5599881665345123	ar-wordsim353-all.tsv
0	0.7447140180002048	0.7447140180002048	ar-mc30.tsv
