	score	adjusted score	source
0	0.6988798856053384	0.5629139072847682	cs-analogies-svoboda.tsv
