	score	adjusted score	source
0	0.45010615711252655	0.33920000000000006	el-semantic_nocountries-google.tsv
0	0.6042811686433324	0.22143311426754292	el-syntactic-google.tsv
