	score	adjusted score	source
0	0.3868421052631579	0.2352	he-semantic_no_countries-google.tsv
0	0.4980392156862745	0.2887457370215991	he-syntactic-google.tsv
