	score	adjusted score	source
0	0.2458628841607565	0.10028929604628736	fi-analogies-venekoski.tsv
