	score	adjusted score	source
0	0.6729155742003147	0.5367001254705145	nl-syntactic-google.tsv
0	0.5993431855500821	0.5840000000000001	nl-semantic_nocountries-google.tsv
