	score	adjusted score	source
0	0.16869095816464239	0.09814918676388111	it-semantic-google.tsv
0	0.6578226208271052	0.485564545788893	it-syntactic-google.tsv
