	score	adjusted score	source
0	0.6108968177434908	0.41207718993928877	pl-syntactic-google.tsv
0	0.19751908396946566	0.026977714062296366	pl-semantic-google.tsv
