	score	adjusted score	source
0	0.5556747734859323	0.492497886728656	fr-syntactic-google.tsv
0	0.17696893630373392	0.05075593952483801	fr-semantic-google.tsv
