	score	adjusted score	source
0	0.6383406432748538	0.5028793550244746	cs-analogies-svoboda.tsv
