	score	adjusted score	source
0	0.5304644226672348	0.41895681435782395	it-semantic-google.tsv
0	0.6870729326453772	0.45301581463773444	it-syntactic-google.tsv
