	score	adjusted score	source
0	0.7049586776859504	0.3699045967042498	pl-syntactic-google.tsv
0	0.4678616885871871	0.28743646552847646	pl-semantic-google.tsv
