	score	adjusted score	source
0	0.24775583482944344	0.2208	el-semantic_nocountries-google.tsv
0	0.4099173553719008	0.13143947424210303	el-syntactic-google.tsv
