	score	adjusted score	source
0	0.640117599893091	0.540083436689593	de-semantic-google.tsv
0	0.06053268765133172	0.04061738424045491	de-analogies-semrel.tsv
0	0.7346105085223271	0.5385727563771558	de-syntactic-google.tsv
