	score	adjusted score	source
0	0.6762253108997806	0.5335950126991458	pt-syntactic-google.tsv
0	0.4417717319177173	0.301756373937677	pt-semantic-google.tsv
