	score	adjusted score	source
0	0.5541428571428572	0.43510936623667973	it-semantic-google.tsv
0	0.7101576182136602	0.5219749908054431	it-syntactic-google.tsv
