	score	adjusted score	source
0	0.20043572984749455	0.08871745419479267	fi-analogies-venekoski.tsv
