	score	adjusted score	source
0	0.6756454816285998	0.5751267962806424	fr-syntactic-google.tsv
0	0.7758402475038673	0.4964902807775378	fr-semantic-google.tsv
