	score	adjusted score	source
0	0.5877067971993308	0.45517804011901336	cs-analogies-svoboda.tsv
