	score	adjusted score	source
0	0.7533271432992882	0.5277536860364267	pl-syntactic-google.tsv
0	0.538148667601683	0.2500325817802685	pl-semantic-google.tsv
