	adjusted r	adjusted r-squared	norm	r-squared	source
0	0.8251351461589795	0.6808480094268005	valence	0.708919311003447	id-sianipar-2016.tsv
1	0.6472635254021429	0.4189500713160105	arousal	0.43622334469661467	id-sianipar-2016.tsv
2	0.6316911931419238	0.3990337634930673	dominance	0.4154858893114397	id-sianipar-2016.tsv
3	0.4391968974658232	0.19289391474360482	predicability	0.20084691332492743	id-sianipar-2016.tsv
4	0.8326102602958133	0.6932398455498621	concreteness	0.7218220614041191	id-sianipar-2016.tsv
