	adjusted r	adjusted r-squared	norm	r-squared	source
0	0.6219575446015304	0.38683118728676463	lexical decision rt	0.3909739576994743	ms-yap-2010.tsv
1	0.4168474123706351	0.17376176520009431	lexical decision accuracy	0.17562266763864953	ms-yap-2010.tsv
