	adjusted r	adjusted r-squared	norm	r-squared	source
0	0.858761734640375	0.7374717168825459	valence	0.7439470782990756	pt-soares-2012.tsv
1	0.6546955250458947	0.42862623051511967	arousal	0.43238977790500854	pt-soares-2012.tsv
2	0.5826484831740967	0.3394792549450756	dominance	0.34246004840312994	pt-soares-2012.tsv
0	0.7985573229919162	0.6376937981040155	age of acquisition	0.6380586114896585	pt-cameirao-2010.tsv
