norm	adjusted r	adjusted r-squared	r-squared	r	source
age of acquisition	0.5741494867719869	0.3296476331605359	0.34676701507587776	0.5888692682386115	fa-bakhtiar-2015.tsv
familiarity	0.47459855086396446	0.22524378448217508	0.23694122739610446	0.4867660910500078	fa-bakhtiar-2015.tsv
imageability	0.6194379643043997	0.3837033916215788	0.4036300170318782	0.6353188310068246	fa-bakhtiar-2015.tsv
