norm	adjusted r	adjusted r-squared	r-squared	r	source
age of acquisition	0.6393555241290378	0.40877548623431664	0.4613269884316661	0.6792105626620261	nl-brysbaert-2014.tsv
concreteness	0.7738064900294803	0.5987764840117442	0.6757542010591584	0.822042700265113	nl-brysbaert-2014.tsv
arousal	0.8175083454717791	0.6683198949160056	0.7094960021857122	0.8423158565441542	nl-roest-2018.tsv
valence	0.8036950435939201	0.6459257230974331	0.6857220946626779	0.8280833862979488	nl-roest-2018.tsv
taboo (general)	0.8286895085599532	0.6867263015973366	0.7290364528805848	0.8538363150397065	nl-roest-2018.tsv
taboo (personal)	0.8026235124044924	0.6442045026645242	0.683894827473239	0.8269793392057864	nl-roest-2018.tsv
insulting	0.842075421961966	0.7090910162724231	0.7527790883650368	0.8676284275915795	nl-roest-2018.tsv
prevalence	0.40482622132358975	0.16388426947113607	0.23398069792889242	0.48371551342591074	nl-keuleers-2015.tsv
