norm	adjusted r	adjusted r-squared	r-squared	r	source
lexical decision rt	0.6299705423940519	0.39686288428425603	0.4620377450032588	0.6797335838424189	ms-yap-2010.tsv
lexical decision accuracy	0.12083898682622714	0.014602060737189096	0.017000086131962633	0.1303843784046334	ms-yap-2010.tsv
