	adjusted r	adjusted r-squared	norm	r-squared	source
0	0.5636254411456989	0.3176736379066837	age of acquisition	0.33417118190425305	fa-bakhtiar-2015.tsv
1	0.47460274470583713	0.225247765282314	familiarity	0.23694541492861776	fa-bakhtiar-2015.tsv
2	0.6120890653038656	0.37465302386455995	imageability	0.3941096422536615	fa-bakhtiar-2015.tsv
