norm	adjusted r	adjusted r-squared	r-squared	r	source
arousal	0.6867409847981831	0.47161318020157844	0.47576632953799153	0.6897581674311596	fr-monnier-2014.tsv
valence	0.7027852930507497	0.49390716812842805	0.49825664416869797	0.7058729660276685	fr-monnier-2014.tsv
lexical decision rt	0.5086253417151724	0.2586997382348759	0.27613126730430093	0.5254819381332729	fr-ferrand-2010.tsv
imageability	0.7687603134149658	0.5909924194818763	0.5991474824372726	0.7740461759076602	fr-desrochers-2009.tsv
