norm	adjusted r	adjusted r-squared	r-squared	r	source
age of acquisition	0.5724086267247894	0.32765163594895935	0.35231358704189175	0.5935600955605858	tr-goz-2017.tsv
imagery	0.7553674709511151	0.5705800161710837	0.6135268991086921	0.783279579146994	tr-goz-2017.tsv
concreteness	0.8355631427178021	0.69816576546845	0.7507158768477956	0.8664386168955049	tr-goz-2017.tsv
