norm	adjusted r	adjusted r-squared	r-squared	r	source
valence	0.758464369129556	0.5752681992390952	0.6202240353590824	0.7875430371472295	id-sianipar-2016.tsv
arousal	0.5829210404729285	0.3397969394260415	0.3663512588602039	0.6052695753630806	id-sianipar-2016.tsv
dominance	0.5595243157861673	0.3130674599559787	0.337532934395375	0.5809758466540369	id-sianipar-2016.tsv
predicability	0.3317447211733335	0.11005456002637279	0.11865506109934548	0.34446343942332325	id-sianipar-2016.tsv
concreteness	0.8033187192217	0.6453209646519924	0.6957512571139426	0.8341170524056816	id-sianipar-2016.tsv
