norm	adjusted r	adjusted r-squared	r-squared	r	source
valence	0.7616486608046326	0.5801086825054903	0.6282696152990572	0.7926346038995883	pl-imbir-2016.tsv
arousal	0.7161232750247948	0.5128325450322379	0.5554081769448281	0.7452571213647194	pl-imbir-2016.tsv
dominance	0.7138765361940205	0.5096197089283726	0.5519286094708915	0.7429189790757075	pl-imbir-2016.tsv
concreteness	0.8670685473193508	0.7518078657504892	0.8142233564818171	0.9023432586781025	pl-imbir-2016.tsv
imageability	0.7869496738714279	0.6192897892063467	0.6707035584140275	0.8189649311258862	pl-imbir-2016.tsv
age of acquisition	0.6783742884032706	0.46019167516664383	0.4983970339351707	0.7059724030974375	pl-imbir-2016.tsv
