norm	adjusted r	adjusted r-squared	r-squared	r	source
arousal	0.7464023983321717	0.5571165402360179	0.5835135832895948	0.7638806080072951	fi-soderholm-2013.tsv
valence	0.8136581686141516	0.6620396153525352	0.693408075930336	0.8327112800546994	fi-soderholm-2013.tsv
familiarity	0.6062448906420506	0.3675328674295918	0.37466942796220526	0.612102465247613	fi-eilola-2010.tsv
valence	0.8027619527848701	0.644426752838978	0.6569398936708029	0.8105182870674805	fi-eilola-2010.tsv
emotional charge	0.8179015861007353	0.6689630045460985	0.6819525774499062	0.8258042004312561	fi-eilola-2010.tsv
offensiveness	0.880759907881726	0.7757380153318265	0.7908008894159397	0.8892698630989019	fi-eilola-2010.tsv
concreteness	0.839482800254641	0.7047313719233734	0.7184154762325652	0.8475939335746601	fi-eilola-2010.tsv
