norm	adjusted r	adjusted r-squared	r-squared	r	source
arousal	0.7387565648363464	0.5457612620887989	0.5716202745069714	0.7560557350532905	fi-soderholm-2013.tsv
valence	0.8194019247067256	0.6714195142130864	0.703232408901487	0.8385895354113877	fi-soderholm-2013.tsv
familiarity	0.603954384200498	0.3647608981950027	0.3718436340822843	0.6097898277950234	fi-eilola-2010.tsv
valence	0.8035391722030601	0.6456752012647792	0.6582125838136099	0.8113030160264474	fi-eilola-2010.tsv
emotional charge	0.825687332345328	0.6817595707955441	0.6949976207139041	0.8336651730244607	fi-eilola-2010.tsv
offensiveness	0.8797074828237634	0.7738852553361221	0.7889121534979886	0.8882072694467146	fi-eilola-2010.tsv
concreteness	0.8430800914595586	0.7107840406154579	0.7245856724720687	0.8512259820236155	fi-eilola-2010.tsv
