norm	adjusted r	adjusted r-squared	r-squared	r	source
valence	0.7346137422951724	0.5396573503689179	0.5587317210025301	0.7474835924637611	es-stadthagen-gonzalez-2017.tsv
arousal	0.6868843232532132	0.4718100735310248	0.48848635933543455	0.698917991852717	es-stadthagen-gonzalez-2017.tsv
valence	0.7931803373546754	0.6291350475660767	0.6291350475660767	0.7931803373546754	es-guasch-2016.tsv
arousal	0.7428435565942555	0.5518165495736028	0.5518165495736028	0.7428435565942555	es-guasch-2016.tsv
concreteness	0.8265314511355376	0.6831542397162176	0.6831542397162176	0.8265314511355376	es-guasch-2016.tsv
imageability	0.8315123945032717	0.6914128622125646	0.6914128622125646	0.8315123945032717	es-guasch-2016.tsv
context availability	0.5768762203346431	0.3327861735875837	0.3327861735875837	0.5768762203346431	es-guasch-2016.tsv
familiarity	0.5501361388897117	0.30264977131248016	0.30264977131248016	0.5501361388897117	es-guasch-2016.tsv
