	adjusted r	adjusted r-squared	norm	r-squared	source
0	0.6329922309365342	0.4006791644260107	lexical decision rt	0.4664807542662114	ms-yap-2010.tsv
1	0.12971761495582715	0.01682665962982823	lexical decision accuracy	0.019590020077903336	ms-yap-2010.tsv
