norm	adjusted r	adjusted r-squared	r-squared	r	source
valence	0.8372618602831499	0.7010074226848008	0.7134268455276418	0.8446459882860048	pt-soares-2012.tsv
arousal	0.629157361065972	0.3958389849834978	0.40285188038674874	0.6347061370325237	pt-soares-2012.tsv
dominance	0.568950579791974	0.3237047622456234	0.3294396891358018	0.5739683694558454	pt-soares-2012.tsv
age of acquisition	0.7639039989972197	0.5835493196839442	0.5879192166631443	0.7667589038694916	pt-cameirao-2010.tsv
