norm	adjusted r	adjusted r-squared	r-squared	r	source
valence	0.773849373516782	0.598842852892316	0.6668628651362093	0.8166167186239878	de-kanske-2010.tsv
arousal	0.7739636736943978	0.5990197681985282	0.6670598754994745	0.8167373356835566	de-kanske-2010.tsv
concreteness	0.8501807608364778	0.7228073260964922	0.804907935519479	0.897166615250188	de-kanske-2010.tsv
potency	0.6213858670195775	0.3861203957316722	0.4090016043676231	0.6395323325427911	de-schauenburg-2015.tsv
authority	0.6689435276612904	0.44748544319993155	0.4740030990932608	0.6884788298076135	de-schauenburg-2015.tsv
community	0.6843431133178235	0.4683254967455314	0.4960781187748962	0.7043281328861543	de-schauenburg-2015.tsv
arousal	0.7406694861893167	0.5485912877719464	0.5811004011213952	0.7622994169756364	de-schauenburg-2015.tsv
valence	0.7709515707444977	0.5943663244334082	0.6295880325479806	0.7934658357786935	de-schauenburg-2015.tsv
