norm	adjusted r	adjusted r-squared	r-squared	r	source
age of acquisition	0.5710858589039871	0.32613905824010464	0.34307623155450623	0.585727096483086	fa-bakhtiar-2015.tsv
familiarity	0.4729073063932792	0.22364132044014687	0.23525554360310136	0.48503148722851114	fa-bakhtiar-2015.tsv
imageability	0.6223554868646497	0.3873263520305352	0.4074411263509616	0.6383111516736658	fa-bakhtiar-2015.tsv
