norm	adjusted r	adjusted r-squared	r-squared	r	source
lexical decision time	0.6274771815914598	0.39372761341796186	0.4583875838559155	0.677043265867046	ms-yap-2010.tsv
