	adjusted r	adjusted r-squared	norm	r-squared	source
0	0.7595822190115972	0.576965147438582	valence	0.622053596008312	id-sianipar-2016.tsv
1	0.586248925795143	0.3436878029959591	arousal	0.3705461841273365	id-sianipar-2016.tsv
2	0.552950620093356	0.305754388261627	dominance	0.3296483636105819	id-sianipar-2016.tsv
3	0.33792641655141187	0.11419426300327833	predicability	0.12311827197893249	id-sianipar-2016.tsv
4	0.8003575822895024	0.6405722595282975	concreteness	0.6906314520239967	id-sianipar-2016.tsv
