norm	adjusted r	adjusted r-squared	r-squared	r	source
valence	0.7639437055898031	0.5836099853102797	0.6320615981335664	0.7950230173608601	pl-imbir-2016.tsv
arousal	0.7170840288842861	0.5142095044809197	0.5568994523026962	0.7462569613093711	pl-imbir-2016.tsv
dominance	0.7078214282050828	0.501011174226283	0.5426053896179992	0.7366175327929679	pl-imbir-2016.tsv
concreteness	0.867731340573988	0.7529576794143304	0.8154686282904153	0.9030330161685205	pl-imbir-2016.tsv
imageability	0.7879937455697571	0.6209341430570551	0.6724844274000563	0.8200514785061096	pl-imbir-2016.tsv
age of acquisition	0.6806037367372934	0.46322144646076685	0.5016783384610425	0.7082925514651714	pl-imbir-2016.tsv
