norm	adjusted r	adjusted r-squared	r-squared	r	source
valence	0.7562664617532195	0.5719389611727338	0.616634625287535	0.7852608644823292	id-sianipar-2016.tsv
arousal	0.5890309662464848	0.34695747919726744	0.3740713777163014	0.6116137487960039	id-sianipar-2016.tsv
dominance	0.5565253697584257	0.3097204871847525	0.33392440369412535	0.5778619244197747	id-sianipar-2016.tsv
predicability	0.33453245678472027	0.11191196464242074	0.12065761745094566	0.3473580536722096	id-sianipar-2016.tsv
concreteness	0.8007003484157084	0.6411210479530367	0.6912231269537081	0.8313982962177082	id-sianipar-2016.tsv
