	adjusted r	adjusted r-squared	norm	r-squared	source
0	0.8363506532111818	0.6994824151267706	valence	0.711874820119174	pt-soares-2012.tsv
1	0.6253109946418507	0.3910138400199806	arousal	0.3979412505715157	pt-soares-2012.tsv
2	0.5679650413210837	0.3225842881628603	dominance	0.32829936413424954	pt-soares-2012.tsv
0	0.7651201926872637	0.5854089092577955	age of acquisition	0.5897927317349565	pt-cameirao-2010.tsv
