norm	adjusted r	adjusted r-squared	r-squared	r	source
valence	0.8383804804291818	0.7028818299646656	0.7153344608104963	0.8457744739648367	pt-soares-2012.tsv
arousal	0.6339494313929759	0.4018918815634774	0.40901201332346027	0.6395404704344052	pt-soares-2012.tsv
dominance	0.5669430972198102	0.3214244754851911	0.3271190035941807	0.5719431821380343	pt-soares-2012.tsv
age of acquisition	0.7684358841023256	0.5904937079761227	0.5949156078630407	0.7713077257898048	pt-cameirao-2010.tsv
