norm	adjusted r	adjusted r-squared	r-squared	r	source
arousal	0.6826360139102565	0.46599192748728396	0.4700955745982287	0.6856351614366264	fr-monnier-2014.tsv
valence	0.7139364090218513	0.5097051961270161	0.514193793744573	0.7170730742013487	fr-monnier-2014.tsv
lexical decision rt	0.5143013527285817	0.26450588141844894	0.2813338040113268	0.5304090911846504	fr-ferrand-2010.tsv
imageability	0.788734956866593	0.6221028321833463	0.6287395271926015	0.7929309725269921	fr-desrochers-2009.tsv
