norm	adjusted r	adjusted r-squared	r-squared	r	source
valence	0.8025785960568234	0.6441324028485417	0.6816457956280733	0.8256184322240349	id-sianipar-2016.tsv
arousal	0.6086313294607661	0.37043209520117965	0.3920055552910211	0.6261034701157797	id-sianipar-2016.tsv
dominance	0.567944813778908	0.3225613114983586	0.3413468424236891	0.5842489558601617	id-sianipar-2016.tsv
predicability	0.3870584026681899	0.14981420707605064	0.15853918220405927	0.3981697906723453	id-sianipar-2016.tsv
concreteness	0.8253965966173968	0.6812795417075816	0.7209563331990744	0.8490914751657058	id-sianipar-2016.tsv
