norm	adjusted r	adjusted r-squared	r-squared	r	source
valence	0.7600596301141872	0.577690641329315	0.6148278968433424	0.7841096204251944	id-sianipar-2016.tsv
arousal	0.570167967991003	0.3250915117229894	0.34599025176232445	0.5882093604851291	id-sianipar-2016.tsv
dominance	0.5427412701972019	0.2945680863752721	0.3135046062136825	0.5599148204983349	id-sianipar-2016.tsv
predicability	0.36602396069020937	0.13397353979934795	0.1425861245007346	0.377605779220518	id-sianipar-2016.tsv
concreteness	0.8109356998863668	0.6576167093501916	0.6998920692369897	0.8365955230796956	id-sianipar-2016.tsv
