	adjusted r	adjusted r-squared	norm	r-squared	source
0	0.6885185259751461	0.4740577606109879	arousal	0.47823243756353084	fr-monnier-2014.tsv
1	0.711147311708329	0.5057304989499832	valence	0.5101840943419107	fr-monnier-2014.tsv
0	0.5157554089657221	0.2660036418773993	lexical decision rt	0.2829268523214611	fr-ferrand-2010.tsv
0	0.7889873822056228	0.6225010892796816	imageability	0.629142032960936	fr-desrochers-2009.tsv
