norm	adjusted r	adjusted r-squared	r-squared	r	source
age of acquisition	0.703081507888416	0.49432360673464876	0.49603209846299434	0.7042954624750853	fa-bakhtiar-2015.tsv
familiarity	0.6241848659187906	0.38960674684205865	0.39095331393943905	0.6252625959862297	fa-bakhtiar-2015.tsv
imageability	0.7275194335254177	0.5292845261571447	0.5311138505563053	0.7287755831230252	fa-bakhtiar-2015.tsv
