norm	adjusted r	adjusted r-squared	r-squared	r	source
valence	0.7640742304508317	0.5838094296390307	0.6002366899146508	0.7747494368598475	es-stadthagen-gonzalez-2017.tsv
arousal	0.705273803709827	0.49741113819932753	0.5114073188301286	0.7151274843201935	es-stadthagen-gonzalez-2017.tsv
valence	0.811195670150224	0.6580384152704709	0.6585087786838164	0.8114855381852571	es-guasch-2016.tsv
arousal	0.7599028063149273	0.5774522750453019	0.5778650357851485	0.7601743456504886	es-guasch-2016.tsv
concreteness	0.8287090202467039	0.6867586402382518	0.687249532761653	0.829005146402393	es-guasch-2016.tsv
imageability	0.8293965422439742	0.6878986242862605	0.6883903316660219	0.8296929140748533	es-guasch-2016.tsv
context availability	0.6212327894241495	0.3859301786557096	0.38620604011293314	0.6214547772066228	es-guasch-2016.tsv
familiarity	0.598437445954076	0.3581273767200377	0.35838336483777894	0.5986512881785012	es-guasch-2016.tsv
