norm	adjusted r	adjusted r-squared	r-squared	r	source
arousal	0.7042350626689635	0.4959470234923589	0.5452820677141119	0.7384321686614905	fi-soderholm-2013.tsv
valence	0.7545623941220007	0.5693644066231254	0.6260027507374677	0.791203356121211	fi-soderholm-2013.tsv
familiarity	0.49973755317291824	0.24973762205125527	0.270334539333833	0.5199370532418641	fi-eilola-2010.tsv
valence	0.6638053994710773	0.4406376083669566	0.4769788544178396	0.6906365574003737	fi-eilola-2010.tsv
emotional charge	0.7812449330873164	0.6103436454746054	0.6606812657199337	0.8128230223855213	fi-eilola-2010.tsv
offensiveness	0.5449412040700381	0.29696091589330287	0.32145253782264743	0.5669678454927117	fi-eilola-2010.tsv
concreteness	0.8134987648620998	0.661780240432162	0.7163600540760516	0.8463805610220805	fi-eilola-2010.tsv
