norm	adjusted r	adjusted r-squared	r-squared	r	source
arousal	0.7430814694936592	0.5521700703048559	0.5797785738200987	0.7614319232998434	fi-soderholm-2013.tsv
valence	0.8307254659110425	0.6901047997131186	0.7246100396987745	0.8512402949219301	fi-soderholm-2013.tsv
familiarity	0.5926095670013668	0.3511860989015475	0.3580052464530339	0.598335396289601	fi-eilola-2010.tsv
valence	0.8204871334316639	0.6731991361269091	0.6862709640128685	0.8284147294760448	fi-eilola-2010.tsv
emotional charge	0.8319932181796714	0.6922127150969662	0.7056537386910822	0.8400319867071028	fi-eilola-2010.tsv
offensiveness	0.8857792637094839	0.7846049040177154	0.7998399506976711	0.894337716244636	fi-eilola-2010.tsv
concreteness	0.8743868250031562	0.7645523197391002	0.779397995850539	0.8828352031101495	fi-eilola-2010.tsv
