norm	adjusted r	adjusted r-squared	r-squared	r	source
lexical decision time	0.4926323255221353	0.2426866081493471	0.24443098628519144	0.49439962205203136	it-vergallito-2020.tsv
naming time	0.3643976943283175	0.1327856796317939	0.1337401139867394	0.3657049548293534	it-vergallito-2020.tsv
auditory	0.7790722741917849	0.6069536084143597	0.6113162578908331	0.7818671612817827	it-vergallito-2020.tsv
gustatory	0.6876100418205247	0.4728075696124236	0.4762060067704644	0.6900768122248887	it-vergallito-2020.tsv
haptic	0.8170016298063303	0.6674916631062	0.6722894468482032	0.8199325867705243	it-vergallito-2020.tsv
olfactory	0.6645355264245182	0.4416074658803115	0.44478164353264077	0.666919518032454	it-vergallito-2020.tsv
visual	0.686037968244239	0.47064809387268347	0.47403100919252306	0.6884990989046559	it-vergallito-2020.tsv
modality exclusivity	0.559442972050089	0.31297643897623667	0.31522604500661394	0.5614499487991907	it-vergallito-2020.tsv
