norm	adjusted r	adjusted r-squared	r-squared	r	source
valence	0.8397604855131553	0.7051976730292904	0.7183984176475726	0.8475838705683189	pt-soares-2012.tsv
arousal	0.6364310066263712	0.40504442619545616	0.4126265386069967	0.6423601315516061	pt-soares-2012.tsv
dominance	0.5848213752862488	0.3420160409916994	0.3484183117097706	0.5902696940465185	pt-soares-2012.tsv
age of acquisition	0.7739421424278761	0.5989864398258508	0.6017388186418224	0.7757182598352461	pt-cameirao-2010.tsv
