	adjusted r	adjusted r-squared	norm	r-squared	source
0	0.6780357106002631	0.4597324248492038	age of acquisition	0.4618534510307457	fa-bakhtiar-2015.tsv
1	0.6411034136363991	0.4110135869762438	familiarity	0.4129098434328816	fa-bakhtiar-2015.tsv
2	0.7230625737002596	0.5228194854860433	imageability	0.5252315707708693	fa-bakhtiar-2015.tsv
