norm	adjusted r	adjusted r-squared	r-squared	r	source
lexical decision time	0.6041183553360017	0.3649589872538756	0.37875468780299115	0.6154304898223609	ms-yap-2010.tsv
