	adjusted r	adjusted r-squared	norm	r-squared	source
0	0.6059104108895093	0.36712742602429393	lexical decision rt	0.39039606570189	ms-yap-2010.tsv
1	0.3018098056567993	0.09108915879059498	lexical decision accuracy	0.09686241533366086	ms-yap-2010.tsv
