norm	adjusted r	adjusted r-squared	r-squared	r	source
arousal	0.6617261061947478	0.4378814396196626	0.441737538403006	0.6646333864643018	fr-monnier-2014.tsv
valence	0.6997746418948763	0.48968454943910233	0.49399683999189287	0.7028490876368076	fr-monnier-2014.tsv
lexical decision rt	0.48314819937943426	0.23343218256358955	0.2660983888481729	0.515847253407608	fr-ferrand-2010.tsv
imageability	0.753143179398673	0.5672246486747418	0.5758625874870474	0.7588561045989203	fr-desrochers-2009.tsv
