norm	adjusted r	adjusted r-squared	r-squared	r	source
age of acquisition	0.6728311826187809	0.45270180030418733	0.4547903899249679	0.6743814869381928	fa-bakhtiar-2015.tsv
familiarity	0.6403013911144945	0.4099858714631568	0.4118773864410722	0.641776741897891	fa-bakhtiar-2015.tsv
imageability	0.7274257249197336	0.529148185275	0.5315894687134083	0.7291018232821862	fa-bakhtiar-2015.tsv
