norm	adjusted r	adjusted r-squared	r-squared	r	source
age of acquisition	0.41933895215906003	0.17584515679785845	0.20769113007621076	0.4557314231827895	tr-goz-2017.tsv
imagery	0.6971275437960943	0.4859868123191754	0.5740001720305221	0.7576279905273577	tr-goz-2017.tsv
concreteness	0.7915701567671855	0.6265833130844265	0.7400590312020785	0.860266837209292	tr-goz-2017.tsv
