norm	adjusted r	adjusted r-squared	r-squared	r	source
valence	0.8000240653382443	0.6400385051203314	0.7127377562587209	0.8442379737128157	de-kanske-2010.tsv
arousal	0.8014119398543682	0.6422610973411416	0.7152128032752133	0.8457025501174826	de-kanske-2010.tsv
concreteness	0.8574306648627247	0.7351873450469342	0.8186941481591694	0.9048171904640017	de-kanske-2010.tsv
potency	0.6828867282416903	0.4663342836086402	0.48557623220414237	0.6968330016611888	de-schauenburg-2015.tsv
authority	0.7332303546973233	0.5376267530495626	0.5598103812093747	0.7482047722444536	de-schauenburg-2015.tsv
community	0.6902983553685103	0.4765118194244701	0.49617371488615936	0.7043959929515211	de-schauenburg-2015.tsv
arousal	0.7650572862288202	0.5853126512118069	0.6094639013831679	0.7806816901805549	de-schauenburg-2015.tsv
valence	0.8093242410945869	0.6550057272233291	0.6820326625699227	0.8258526881774514	de-schauenburg-2015.tsv
