	adjusted r	adjusted r-squared	norm	r-squared	source
0	0.6058881297232921	0.3671004257395888	lexical decision rt	0.38097707413524334	ms-yap-2010.tsv
1	0.30094664099329843	0.09056888072514926	lexical decision accuracy	0.09399244666321332	ms-yap-2010.tsv
