norm	adjusted r	adjusted r-squared	r-squared	r	source
valence	0.8045608792789156	0.6473182084660618	0.6653350174492126	0.8156807080280939	pt-soares-2012.tsv
arousal	0.608277992017896	0.3700021155733236	0.3803003851916666	0.6166849967298269	pt-soares-2012.tsv
dominance	0.5386953893867168	0.2901927225465064	0.29826965717006726	0.5461406935672046	pt-soares-2012.tsv
age of acquisition	0.7461188527753229	0.5566933424667639	0.5634587129481309	0.7506388698622867	pt-cameirao-2010.tsv
