norm	adjusted r	adjusted r-squared	r-squared	r	source
valence	0.8015564406593669	0.6424927275625132	0.6799106278893072	0.8245669335410603	id-sianipar-2016.tsv
arousal	0.610045278883132	0.37215524228759833	0.39382905611400676	0.6275580101584289	id-sianipar-2016.tsv
dominance	0.5731102083048666	0.3284553108632476	0.3475841002743174	0.5895626347338486	id-sianipar-2016.tsv
predicability	0.3954649720591751	0.15639254412576412	0.16550063263308845	0.4068176896757176	id-sianipar-2016.tsv
concreteness	0.8209961912816571	0.6740347460989873	0.7132896105735022	0.844564746229383	id-sianipar-2016.tsv
