norm	adjusted r	adjusted r-squared	r-squared	r	source
arousal	0.6977389260817533	0.48683960896971834	0.535268680019062	0.7316205847425713	fi-soderholm-2013.tsv
valence	0.7556681291696363	0.5710343214427382	0.6278387827380891	0.7923627848013113	fi-soderholm-2013.tsv
familiarity	0.46271262208653824	0.21410297063819955	0.23176094759805105	0.48141556642681493	fi-eilola-2010.tsv
valence	0.6734085702842671	0.4534791025323008	0.4908794408854802	0.7006278904564678	fi-eilola-2010.tsv
emotional charge	0.7723355180728899	0.5965021524769193	0.6456982062894487	0.8035534868877421	fi-eilola-2010.tsv
offensiveness	0.5477363741371537	0.30001513555291603	0.3247586518871771	0.5698759969389632	fi-eilola-2010.tsv
concreteness	0.811843305274849	0.6590895523195917	0.713447453541826	0.8446581873999838	fi-eilola-2010.tsv
