	adjusted r	adjusted r-squared	norm	r-squared	source
0	0.6944392681066845	0.48224589708854776	age of acquisition	0.5167590456487572	nl-brysbaert-2014.tsv
1	0.802734019518053	0.64438190609161	concreteness	0.6904987286269961	nl-brysbaert-2014.tsv
0	0.8146147911891934	0.6635972580242132	arousal	0.7123599958342991	nl-roest-2018.tsv
1	0.8221005911066134	0.6758493818978432	valence	0.7255124355197293	nl-roest-2018.tsv
2	0.8385386887926366	0.7031471326020742	taboo (general)	0.7548160912277857	nl-roest-2018.tsv
3	0.8063451799977758	0.6501925493056454	taboo (personal)	0.6979702765709165	nl-roest-2018.tsv
4	0.830235434476669	0.6892908766606634	insulting	0.7399416439552169	nl-roest-2018.tsv
0	0.5193534651850584	0.26972802179972766	prevalence	0.3423534072375784	nl-keuleers-2015.tsv
