norm	adjusted r	adjusted r-squared	r-squared	r	source
lexical decision time	0.5119202936335482	0.26206238703385815	0.2632365016711066	0.5130657868842032	it-vergallito-2020.tsv
naming time	0.4000746046407249	0.16005968927843234	0.1607768025816511	0.40096982752029	it-vergallito-2020.tsv
auditory	0.7915092009913111	0.6264868152539037	0.6292936558240376	0.79328031352356	it-vergallito-2020.tsv
gustatory	0.7387801048096376	0.5457960432625392	0.5482413660370129	0.7404332286148515	it-vergallito-2020.tsv
haptic	0.8465597429628894	0.7166633984053934	0.7198742559251308	0.8484540387817897	it-vergallito-2020.tsv
olfactory	0.7346823399208872	0.53975814059163	0.5421764118308398	0.7363262944040772	it-vergallito-2020.tsv
visual	0.7383403116557142	0.5451464158158572	0.5475888280730967	0.7399924513622397	it-vergallito-2020.tsv
modality exclusivity	0.6099545121335157	0.3720445068720352	0.37371137294225043	0.6113193706584558	it-vergallito-2020.tsv
