norm	adjusted r	adjusted r-squared	r-squared	r	source
lexical decision time	0.6104908934990189	0.37269913104523045	0.39632090695654787	0.6295402345811965	ms-yap-2010.tsv
