norm	adjusted r	adjusted r-squared	r-squared	r	source
valence	0.8084624324221775	0.653611504637984	0.6718034749459995	0.8196361845026118	pt-soares-2012.tsv
arousal	0.6087352130263578	0.3705585595782452	0.38087231670368343	0.6171485369857758	pt-soares-2012.tsv
dominance	0.5383540114468439	0.28982504164090855	0.2978917426010929	0.5457945974458641	pt-soares-2012.tsv
age of acquisition	0.7426502199186223	0.5515293491451781	0.5582319627632619	0.7471492238925648	pt-cameirao-2010.tsv
