norm	adjusted r	adjusted r-squared	r-squared	r	source
lexical decision rt	0.6103762060208734	0.3725591128764357	0.3866421033975381	0.6218055189506909	ms-yap-2010.tsv
lexical decision accuracy	0.2988251569417256	0.08929647442124695	0.09267194252651745	0.3044206670489332	ms-yap-2010.tsv
