	adjusted r	adjusted r-squared	norm	r-squared	source
0	0.6865239497489193	0.4713151335788566	valence	0.5608444275119582	pl-imbir-2016.tsv
1	0.6537514862452243	0.4273910057678397	arousal	0.508576633501032	pl-imbir-2016.tsv
2	0.6206598606417906	0.3852186626118869	dominance	0.45839338673248553	pl-imbir-2016.tsv
3	0.817397796289619	0.6681391573791253	concreteness	0.7950564208987407	pl-imbir-2016.tsv
4	0.7323449996756546	0.5363291985499344	imageability	0.6382083257854023	pl-imbir-2016.tsv
5	0.6117545192590604	0.37424359183388417	age of acquisition	0.4453335317673949	pl-imbir-2016.tsv
