norm	adjusted r	adjusted r-squared	r-squared	r	source
valence	0.7380721031265041	0.5447504294135809	0.5643379559289688	0.7512243046713604	es-stadthagen-gonzalez-2017.tsv
arousal	0.6755541518931316	0.4563734121400484	0.4727831767378189	0.6875923041583718	es-stadthagen-gonzalez-2017.tsv
valence	0.7971113228927015	0.6353864610837525	0.6367509273566596	0.7979667457711879	es-guasch-2016.tsv
arousal	0.7402546165461611	0.547976897317904	0.5491536551503691	0.7410490234460667	es-guasch-2016.tsv
concreteness	0.8061924290581415	0.6499462326706665	0.6513419654537818	0.8070575973583185	es-guasch-2016.tsv
imageability	0.8037476246804314	0.6460102441794356	0.6473975245892698	0.8046101693300115	es-guasch-2016.tsv
context availability	0.5630789895007717	0.3170579484172102	0.317738817311449	0.5636832597402986	es-guasch-2016.tsv
familiarity	0.5499905325138109	0.3024895858548253	0.3031391697900898	0.5505807568287233	es-guasch-2016.tsv
