norm	adjusted r	adjusted r-squared	r-squared	r	source
valence	0.7544276257507558	0.5691610424959225	0.6057499666563747	0.778299406820007	id-sianipar-2016.tsv
arousal	0.581369904540166	0.3379909659050417	0.3597189565703658	0.5997657514149718	id-sianipar-2016.tsv
dominance	0.517733345742267	0.26804781729348176	0.28527946269091986	0.5341155892603396	id-sianipar-2016.tsv
predicability	0.37148867089020765	0.13800383259977303	0.14687550755261558	0.38324340509996463	id-sianipar-2016.tsv
concreteness	0.8151594574443682	0.6644849410609969	0.7072018301292038	0.8409529297940544	id-sianipar-2016.tsv
