	adjusted r	adjusted r-squared	norm	r-squared	source
0	0.6917087951433866	0.4784610572787155	arousal	0.526056659835237	fi-soderholm-2013.tsv
1	0.755614436680919	0.5709531769206225	valence	0.6277495662478049	fi-soderholm-2013.tsv
0	0.47959702305403357	0.23001330452229118	familiarity	0.2489834739674286	fi-eilola-2010.tsv
1	0.6702078386533875	0.44917854699244514	valence	0.4862242003526468	fi-eilola-2010.tsv
2	0.7727650487358831	0.5971658205477718	emotional charge	0.6464166098712993	fi-eilola-2010.tsv
3	0.5388490560131705	0.29035830516628497	offensiveness	0.3143053818810301	fi-eilola-2010.tsv
4	0.8155845565139049	0.665178168823983	concreteness	0.7200382239847238	fi-eilola-2010.tsv
