	adjusted r	adjusted r-squared	norm	r-squared	source
0	0.8010012448479437	0.6416029942479553	valence	0.7144799490511752	de-kanske-2010.tsv
1	0.7970565990733692	0.6352992221264057	arousal	0.7074601582699395	de-kanske-2010.tsv
2	0.8587938221798357	0.7375268290142513	concreteness	0.821299364158409	de-kanske-2010.tsv
0	0.6811930085952942	0.4640239149591085	potency	0.48317053280936295	de-schauenburg-2015.tsv
1	0.7389476892237341	0.5460436874090964	authority	0.5685746162585008	de-schauenburg-2015.tsv
2	0.6971675392113333	0.48604257772998594	community	0.5060977326363203	de-schauenburg-2015.tsv
3	0.7754357594724528	0.6013006170686196	arousal	0.626111564860286	de-schauenburg-2015.tsv
4	0.8110019815381705	0.6577242140588391	valence	0.6848633199787426	de-schauenburg-2015.tsv
