norm	adjusted r	adjusted r-squared	r-squared	r	source
valence	0.7718171145454229	0.5957016583052225	0.6497479728679378	0.8060694590839786	pl-imbir-2016.tsv
arousal	0.7269797460455251	0.5284995511604161	0.5764488099715013	0.7592422603961804	pl-imbir-2016.tsv
dominance	0.7154916328897364	0.5119282767352212	0.5583740710220726	0.7472443181597788	pl-imbir-2016.tsv
concreteness	0.8726695819389167	0.7615521992414437	0.8306456609471384	0.9113976415084354	pl-imbir-2016.tsv
imageability	0.7937773589031437	0.6300824955072502	0.6872480854932315	0.8290042735072187	pl-imbir-2016.tsv
age of acquisition	0.6992369108060743	0.48893225743362195	0.5332916883949113	0.7302682304433838	pl-imbir-2016.tsv
