norm	adjusted r	adjusted r-squared	r-squared	r	source
arousal	0.7461112256249901	0.5566819610036249	0.5845160590538061	0.7645364994909047	fi-soderholm-2013.tsv
valence	0.8331979131985421	0.6942187625584053	0.7289297006863256	0.853773799484574	fi-soderholm-2013.tsv
familiarity	0.5992319605578847	0.3590789425540463	0.3660513492055812	0.6050217758110704	fi-eilola-2010.tsv
valence	0.813558284876673	0.6618770828914738	0.6747290650835414	0.8214189339694705	fi-eilola-2010.tsv
emotional charge	0.8350723093929444	0.6973457619148655	0.7108864563209795	0.8431408282849191	fi-eilola-2010.tsv
offensiveness	0.8900034462241664	0.7921061342908927	0.8074868359276091	0.8986027130649056	fi-eilola-2010.tsv
concreteness	0.8722625947659209	0.7608420342277772	0.7756156659603555	0.8806904484325667	fi-eilola-2010.tsv
