norm	adjusted r	adjusted r-squared	r-squared	r	source
age of acquisition	0.6903280916989379	0.4765528741886973	0.4781999463345108	0.6915200259822638	fa-bakhtiar-2015.tsv
familiarity	0.6346775068558062	0.4028155377087018	0.40420775730907754	0.6357733537268431	fa-bakhtiar-2015.tsv
imageability	0.7393966347929933	0.5467073835432031	0.5485969251913939	0.7406732918037439	fa-bakhtiar-2015.tsv
