norm	adjusted r	adjusted r-squared	r-squared	r	source
valence	0.7735471013803167	0.5983751180538899	0.668575550898201	0.8176646934399217	de-kanske-2010.tsv
arousal	0.7845925550295272	0.6155854774077617	0.6878050026902365	0.8293401007368668	de-kanske-2010.tsv
concreteness	0.8489837425486938	0.7207733951119868	0.8053334023597618	0.8974037008837003	de-kanske-2010.tsv
potency	0.672371954123725	0.45208404469215646	0.4724581124797445	0.6873558848804195	de-schauenburg-2015.tsv
authority	0.7224495526815883	0.521933356169827	0.5454553222822308	0.7385494717906382	de-schauenburg-2015.tsv
community	0.6907228492029073	0.47709805441098224	0.4985994283612945	0.7061157329795835	de-schauenburg-2015.tsv
arousal	0.7559104741133483	0.571400644874267	0.5971519528649465	0.7727560759159041	de-schauenburg-2015.tsv
valence	0.7991853935270704	0.6386972932270184	0.6674814586952276	0.8169953847453654	de-schauenburg-2015.tsv
