norm	adjusted r	adjusted r-squared	r-squared	r	source
age of acquisition	0.6942899916416256	0.48203859249372855	0.5165369047757624	0.7187050193060867	nl-brysbaert-2014.tsv
concreteness	0.8024294842534085	0.6438930771991913	0.6899749154572898	0.830647287034208	nl-brysbaert-2014.tsv
arousal	0.8080675168495488	0.6529731117873958	0.7009551615353514	0.8372306501408984	nl-roest-2018.tsv
valence	0.822947076977237	0.6772418915053784	0.7270072701143998	0.8526472131628648	nl-roest-2018.tsv
taboo (general)	0.8384438303416074	0.7029880566379062	0.7546453259755159	0.868703243907559	nl-roest-2018.tsv
taboo (personal)	0.8078426624194798	0.6526097672249935	0.7005651175322614	0.8369976807209571	nl-roest-2018.tsv
insulting	0.831372049670736	0.6911794849737206	0.7419690317928758	0.861376242876988	nl-roest-2018.tsv
prevalence	0.5182896796318993	0.26862419201293686	0.34095236671536394	0.5839112661315621	nl-keuleers-2015.tsv
