norm	adjusted r	adjusted r-squared	r-squared	r	source
age of acquisition	0.6633076360194708	0.4399770200017389	0.4420069024469603	0.6648359966540321	fa-bakhtiar-2015.tsv
familiarity	0.6350538970467721	0.40329345215429213	0.4051540909185565	0.6365171568139829	fa-bakhtiar-2015.tsv
imageability	0.7242330740360561	0.5245135455277156	0.5269334465451445	0.7259018160503145	fa-bakhtiar-2015.tsv
