norm	adjusted r	adjusted r-squared	r-squared	r	source
valence	0.84068306333081	0.7067480129712748	0.7199777787313282	0.8485150433146887	pt-soares-2012.tsv
arousal	0.6426548334095896	0.4130052349047074	0.42073636738075615	0.6486419408123069	pt-soares-2012.tsv
dominance	0.5813269061666025	0.33794097183323396	0.3442669604685359	0.586742669718622	pt-soares-2012.tsv
age of acquisition	0.7760899918517251	0.6023156754524107	0.6050833523068733	0.7778710383520351	pt-cameirao-2010.tsv
