norm	adjusted r	adjusted r-squared	r-squared	r	source
valence	0.6833346272912519	0.46694621285527427	0.5556456026334595	0.7454163954686397	pl-imbir-2016.tsv
arousal	0.6498344813253085	0.4222848531193327	0.5025005348254068	0.7088727211745468	pl-imbir-2016.tsv
dominance	0.6191761396046714	0.3833790918557436	0.45620437786327567	0.6754290324403265	pl-imbir-2016.tsv
concreteness	0.8169402710348901	0.6673914064385598	0.7941666299323473	0.8911602717426015	pl-imbir-2016.tsv
imageability	0.7318151882076295	0.5355534696913682	0.6372852423183311	0.7983014733284232	pl-imbir-2016.tsv
age of acquisition	0.6144598988652593	0.37756096731350475	0.4492810637245853	0.6702843155889785	pl-imbir-2016.tsv
