norm	adjusted r	adjusted r-squared	r-squared	r	source
age of acquisition	0.6411374344868688	0.4110572099004039	0.4752344163050043	0.6893724800896859	nl-brysbaert-2014.tsv
concreteness	0.7553507948010718	0.5705548232066109	0.6596339435143239	0.8121785170233967	nl-brysbaert-2014.tsv
arousal	0.7116832062699158	0.5064929860866274	0.5788491269561457	0.7608213502236552	nl-roest-2018.tsv
valence	0.7174388183083729	0.5147184580157145	0.5882496663036737	0.7669743583091118	nl-roest-2018.tsv
taboo (general)	0.719066154467621	0.5170561345008525	0.5909212965724029	0.7687140538408302	nl-roest-2018.tsv
taboo (personal)	0.6811247749886296	0.4639309591033112	0.5302068104037843	0.728153013043127	nl-roest-2018.tsv
insulting	0.6202299520967314	0.38468519347791363	0.4396402211176156	0.6630537090746236	nl-roest-2018.tsv
prevalence	0.4661851570591002	0.21732860066221793	0.3019200066335298	0.5494724803241103	nl-keuleers-2015.tsv
