norm	adjusted r	adjusted r-squared	r-squared	r	source
lexical decision rt	0.5992121553285128	0.3590552070934418	0.381812227261336	0.6179095623643771	ms-yap-2010.tsv
lexical decision accuracy	0.29673060105292115	0.08804904960122784	0.09362962316750284	0.30598958016165	ms-yap-2010.tsv
