	adjusted r	adjusted r-squared	norm	r-squared	source
0	0.7588092663984082	0.5757915027720903	valence	0.612806670807439	id-sianipar-2016.tsv
1	0.5686932019992528	0.3234119580001629	arousal	0.34420272672874486	id-sianipar-2016.tsv
2	0.5329841099206756	0.28407206142793473	dominance	0.30233383680544484	id-sianipar-2016.tsv
3	0.37537689300512056	0.14090781180217773	predicability	0.14996617113231775	id-sianipar-2016.tsv
4	0.8096377061759479	0.6555132152618505	concreteness	0.6976533505286837	id-sianipar-2016.tsv
