	adjusted r	adjusted r-squared	norm	r-squared	source
0	0.6644801794739624	0.4415339089137494	arousal	0.4454221722994869	fr-monnier-2014.tsv
1	0.6952496885308538	0.48337212940224916	valence	0.48762883112888344	fr-monnier-2014.tsv
0	0.4806590610771027	0.23103313299552197	lexical decision rt	0.2633636192983239	fr-ferrand-2010.tsv
0	0.7520604028409581	0.5655948495213041	imageability	0.5742079690571615	fr-desrochers-2009.tsv
