norm	adjusted r	adjusted r-squared	r-squared	r	source
age of acquisition	0.561954999071409	0.31579342098134733	0.33895537135743903	0.5821987387116525	tr-goz-2017.tsv
imagery	0.7656184499258816	0.5861716108669096	0.6291645197140354	0.7931989156031641	tr-goz-2017.tsv
concreteness	0.8487777861299333	0.7204237302276307	0.7732633955931636	0.8793539649044425	tr-goz-2017.tsv
